{"cameraMode":{"drawMode":0,"name":"Shaded","section":"Shading Mode"},"sceneLighting":false,"audioPlay":false,"sceneViewState":{"m_AlwaysRefresh":false,"showFog":true,"showSkybox":false,"showFlares":true,"showImageEffects":true,"showParticleSystems":true,"showVisualEffectGraphs":true,"m_FxEnabled":true},"in2DMode":false,"pivot":{"x":-0.5504845976829529,"y":1.1816062927246094,"z":0.8946251273155212},"rotation":{"x":-0.032605499029159549,"y":-0.9473344683647156,"z":0.08837225288152695,"w":-0.30742186307907107},"size":0.8660253882408142,"orthographic":false}