{"cameraMode":{"drawMode":0,"name":"Shaded","section":"Shading Mode"},"sceneLighting":false,"audioPlay":false,"sceneViewState":{"m_AlwaysRefresh":false,"showFog":true,"showSkybox":false,"showFlares":true,"showImageEffects":true,"showParticleSystems":true,"showVisualEffectGraphs":true,"m_FxEnabled":true},"in2DMode":false,"pivot":{"x":0.7370268106460571,"y":11.19530963897705,"z":-15.843951225280762},"rotation":{"x":0.2739492654800415,"y":0.004327978007495403,"z":-0.0012329425662755967,"w":0.961732804775238},"size":1.2421423196792603,"orthographic":false}