{"cameraMode":{"drawMode":0,"name":"Shaded","section":"Shading Mode"},"sceneLighting":false,"audioPlay":false,"sceneViewState":{"m_AlwaysRefresh":false,"showFog":true,"showSkybox":false,"showFlares":true,"showImageEffects":true,"showParticleSystems":true,"showVisualEffectGraphs":true,"m_FxEnabled":true},"in2DMode":false,"pivot":{"x":0.47355467081069949,"y":10.058250427246094,"z":-12.002877235412598},"rotation":{"x":-0.1698773056268692,"y":0.2414245903491974,"z":-0.04560886323451996,"w":-0.9548033475875855},"size":0.8660253882408142,"orthographic":false}