{"cameraMode":{"drawMode":0,"name":"Shaded","section":"Shading Mode"},"sceneLighting":true,"audioPlay":false,"sceneViewState":{"m_AlwaysRefresh":false,"showFog":true,"showSkybox":true,"showFlares":true,"showImageEffects":true,"showParticleSystems":true,"showVisualEffectGraphs":true,"m_FxEnabled":true},"in2DMode":false,"pivot":{"x":24.01132583618164,"y":12.34653377532959,"z":-7.134633541107178},"rotation":{"x":0.0026550251059234144,"y":0.9867067337036133,"z":-0.16523273289203645,"w":-0.0010258167749270797},"size":2.3624606132507326,"orthographic":false}