{"cameraMode":{"drawMode":0,"name":"Shaded","section":"Shading Mode"},"sceneLighting":true,"audioPlay":false,"sceneViewState":{"m_AlwaysRefresh":false,"showFog":true,"showSkybox":true,"showFlares":true,"showImageEffects":true,"showParticleSystems":true,"showVisualEffectGraphs":true,"m_FxEnabled":true},"in2DMode":false,"pivot":{"x":0.5729030966758728,"y":20.11278533935547,"z":-16.506582260131837},"rotation":{"x":-0.3506757616996765,"y":0.010557232424616814,"z":-0.008005316369235516,"w":-0.9368340373039246},"size":30.377138137817384,"orthographic":false}