{"cameraMode":{"drawMode":0,"name":"Shaded","section":"Shading Mode"},"sceneLighting":true,"audioPlay":false,"sceneViewState":{"m_AlwaysRefresh":false,"showFog":true,"showSkybox":true,"showFlares":true,"showImageEffects":true,"showParticleSystems":true,"showVisualEffectGraphs":true,"m_FxEnabled":true},"in2DMode":false,"pivot":{"x":9.309637069702149,"y":-6.530606746673584,"z":16.758316040039064},"rotation":{"x":0.2939157783985138,"y":-0.004800599999725819,"z":0.004904351197183132,"w":0.9562509059906006},"size":31.679828643798829,"orthographic":false}