{"cameraMode":{"drawMode":0,"name":"Shaded","section":"Shading Mode"},"sceneLighting":true,"audioPlay":false,"sceneViewState":{"m_AlwaysRefresh":false,"showFog":true,"showSkybox":true,"showFlares":true,"showImageEffects":true,"showParticleSystems":true,"showVisualEffectGraphs":true,"m_FxEnabled":true},"in2DMode":false,"pivot":{"x":1.687932014465332,"y":10.713932037353516,"z":-18.682315826416017},"rotation":{"x":0.02830405905842781,"y":0.9630514979362488,"z":-0.11202534288167954,"w":0.24299758672714234},"size":1.961734414100647,"orthographic":false}