{"cameraMode":{"drawMode":0,"name":"Shaded","section":"Shading Mode"},"sceneLighting":false,"audioPlay":false,"sceneViewState":{"m_AlwaysRefresh":false,"showFog":true,"showSkybox":false,"showFlares":true,"showImageEffects":true,"showParticleSystems":true,"showVisualEffectGraphs":true,"m_FxEnabled":true},"in2DMode":false,"pivot":{"x":20.621623992919923,"y":10.856463432312012,"z":-11.299699783325196},"rotation":{"x":0.17528210580348969,"y":0.10442333668470383,"z":-0.014897971414029599,"w":0.9792695641517639},"size":0.7598786354064941,"orthographic":false}