{"cameraMode":{"drawMode":0,"name":"Shaded","section":"Shading Mode"},"sceneLighting":false,"audioPlay":false,"sceneViewState":{"m_AlwaysRefresh":false,"showFog":true,"showSkybox":false,"showFlares":true,"showImageEffects":true,"showParticleSystems":true,"showVisualEffectGraphs":true,"m_FxEnabled":true},"in2DMode":false,"pivot":{"x":25.851612091064454,"y":11.200034141540528,"z":-4.309680461883545},"rotation":{"x":0.024439960718154908,"y":-0.9640935659408569,"z":0.11397747695446015,"w":0.24033638834953309},"size":0.8660253882408142,"orthographic":false}