{"cameraMode":{"drawMode":0,"name":"Shaded","section":"Shading Mode"},"sceneLighting":false,"audioPlay":false,"sceneViewState":{"m_AlwaysRefresh":false,"showFog":true,"showSkybox":false,"showFlares":true,"showImageEffects":true,"showParticleSystems":true,"showVisualEffectGraphs":true,"m_FxEnabled":true},"in2DMode":false,"pivot":{"x":23.15963363647461,"y":10.273031234741211,"z":-7.7544403076171879},"rotation":{"x":0.0022806297056376936,"y":-0.11620593816041947,"z":0.003957787528634071,"w":0.9936256408691406},"size":0.16264356672763825,"orthographic":false}