{"cameraMode":{"drawMode":0,"name":"Shaded","section":"Shading Mode"},"sceneLighting":false,"audioPlay":false,"sceneViewState":{"m_AlwaysRefresh":false,"showFog":true,"showSkybox":false,"showFlares":true,"showImageEffects":true,"showParticleSystems":true,"showVisualEffectGraphs":true,"m_FxEnabled":true},"in2DMode":false,"pivot":{"x":25.289140701293947,"y":11.169305801391602,"z":-8.155692100524903},"rotation":{"x":0.01595057174563408,"y":-0.06534239649772644,"z":0.004790883976966143,"w":0.9981354475021362},"size":0.7927913665771484,"orthographic":false}