{"cameraMode":{"drawMode":0,"name":"Shaded","section":"Shading Mode"},"sceneLighting":false,"audioPlay":false,"sceneViewState":{"m_AlwaysRefresh":false,"showFog":true,"showSkybox":false,"showFlares":true,"showImageEffects":true,"showParticleSystems":true,"showVisualEffectGraphs":true,"m_FxEnabled":true},"in2DMode":false,"pivot":{"x":24.899938583374025,"y":11.270392417907715,"z":-6.371194362640381},"rotation":{"x":-0.003690184559673071,"y":-0.9834731817245483,"z":0.18326033651828767,"w":0.0015545625938102604},"size":0.8660253882408142,"orthographic":false}