{"cameraMode":{"drawMode":0,"name":"Shaded","section":"Shading Mode"},"sceneLighting":false,"audioPlay":false,"sceneViewState":{"m_AlwaysRefresh":false,"showFog":true,"showSkybox":false,"showFlares":true,"showImageEffects":true,"showParticleSystems":true,"showVisualEffectGraphs":true,"m_FxEnabled":true},"in2DMode":false,"pivot":{"x":4.032362937927246,"y":13.521441459655762,"z":-18.464391708374025},"rotation":{"x":-0.31737861037254336,"y":-0.17000971734523774,"z":0.05794840306043625,"w":-0.9311385750770569},"size":1.5250718593597413,"orthographic":false}